GLOBAL_INDEX,WORD,NOUN_CLASS,PAGE-COLUMN,FULL_ENTRY,FREQUENCY
13,inyawïyabira,9a|2a,P1-C1,"inyawïyabira, bānyáwīïyabira, 9lal2a, (cfr -iyabir)-, femme qui a habitude de gémir, hypocondre. Syn. nyawririra. Inyawlyabira iri munzu, la dolente est dans la hutte. Bānyáwīlyabira bari mu-nzu, les hypocondriaques sont à l'intérieur,",1
72,ukwâha,15|6,P3-C1,"ukwâha, am-, 15|6, (cfr -âh-), aisselle. Gushira umuntu mu kwâha, emmener gan où lon a été invité à boire. || Fig. Ntā mbavu n'ûkwâha, pas de distinction entre mes enfanis (jitt. il ny a pas de côté ni d’'aisselle). Prov. 1222, 2390, 3328, 3735.",1
78,urwaha,11,P3-C1,"urwaha, 1l, (cfr -âhb-), gros ennuis.",1
246,urwâmo,11|10,P9-C1,"urwâmo, inz-, 11190, (cfr -âm- chasser par des cris), tumulte, tapage, rumeur, vacarme. Syn, intūrēka. Prov. 2459.",1
269,bāmwâna,2|4,P10-C1,"bāmwâna, 24, (cfr -âna 1), terme de référence désignant les beaux-parents entre eux. Syn. cămbu. Sé aguma hanzé, gushika bamwěëreke nzu arí kwā bāmwâna (cămbu) cânké indâro yîndi bûbatse kubêra abapfâsóni batinjíra, le père reste à l'extérieur, ce gwon lui montre une autre matson, soit chez le compère (les beaux-parents du j.) ou bien (dans) un autre gîte qwon a construit dans ce but (litt. du fait que les beaux-përes wentrent pas). TRoUweoRsTt 136. V. parenté, p. 6ló,",1
277,akâna,12|13,P10-C1,"akâna, utw-, 1243, (cfr -âna Í), enfançon. Urambarira akâna k 'ubuságe, tu me parleras de ce petit enfant dont les cheveux pendenti en mêches. Arahéza ayiba nyā kâna, la donna ensuite à ce petit enfant,",1
283,urwânāgá,11|10,P10-C2,"urwânāgá, inz-, 11ll|10, (cfr -ânāg-), cri, ment, beuglement. Syn. indûrú. Impňndu sûrwânāgá, (loc. proverbiale), fes cris de joie ne sont pas des cris d'enfants. Le sens de cette locution est le suivant: la reconnaissance se prouve par des actes. umwânāgó, imy-, 34, (cfr -ânāg-), cris enfanFINS.",1
289,inyánăna,9|10,P10-C2,"inyánăna, 9j19, (cfr -ânān-), ibis. — La tradition populaire prétend que les ibis sont des enfants qui, autrefois, se sont égarés., Lorsqu'ils crient, ils sont censés appeler leurs parents.",1
370,akāabwâníke,12BU,P12-C2,"akāabwâníke, FBU, (cfr -ânik-), désert; lieu stérile. || Gusiga umuntu ku kābwâníke, abandonner qan sans soutien, dans la misère.",1
386,urwânkàmpězu,,P13-C1,"urwânkàmpězu, v, -hŭzu.",1
408,umwânuko,3|4,P14-C1,"umwânuko, imy-, 3(l, (cfr -ânuk-), éclat de rire. Syn. akânikizo.",1
418,umwănya,3|4,P14-C2,"umwănya, imyžnya, 3ij4, (cfr -ân-), espace, lieu, endroit. Kuja mu mwănya, séparer des bagareurs. || Morceaux d'une bête dépecée, Gutônda imyanya, ranger les parties Fune bête dépecée. | Temps, espace de temps, laps de temps. Umwănya urí mu gushika, vers cette époque, au temps prévu. Ngo nta mwănya afisé, il te fait dire gwil nwa pas le temps. Barashwââbira imiti y'ûbwôko bakayitápfuna, mu myănya yintoke amabuye ivymwaaa bibozé; umwănya umurwâyi bāmucăiye ururásāgo háno ababára, baramúhenda ngo nābumírize, bakamukubita ivy umupfûmu afisé bakamwereka ngo ni vyo nyéne bāmukŭyėmwo, ils ramassent çà ei là des simples divers et ils les mââchonnent; (ils ont) entre leurs doigts des cailloux ou des fruits pourris; lorsque lon fait une incision du malade là où il souffre, on le trompe, on lui dit de fermer les yeux et on le frappe avec ce que le guérisseur a (en mains), ensuite on le lui montre en disant que c'est cela gwon lui a tiré du corps. || Néol. temps de la conjugaison. Shira irivúga mu mivúgwa yōse, mu myanya yōse nó mu-mpindaguro zōse, mets ce verbe à tous les modes, à fous les temps et à toutes les perSOnneEs.",1
510,akâshi,12|13,P16-C2,"akâshi, utw-, 12|135, avorton, enfant chétif, malingre. Syn. akûbwâ, akazîngo. Var. akâshigiri.",1
533,urwââto,11|10,P17-C1,"urwââto, inz-, 11(10, (cfr -ât-), petite calebasse. PEP urumāri, urubaya, urugabuzo. M.RA.C. 26.",1
541,akătsi,12|13,P17-C2,"akătsi, utw-, 12|l3, (cfr -ătsi 14), brin d'herbe. || Petit terrain de culture. || Fig. Gucá akătsi, jurer; clore une discussion, Bashiraho ivyăbona, baracâ akătsi, iis prirent des témoins et mirent fin à leur discussion. || Kuryâmira akatsi, rester calme, indifférent dans une dispute, une bagarre. Ntakimenya akătsi nwurúro, il est ivre au point de ne plus y voir clair; ivre-mort.",1
628,umubága,3|4,P20-C2,"umubága, imi-, 3)44, bière de banane non coupée, moûût. Syn. inkòne, umutóbe,",1
631,kubâga,,P20-C2,"kubâga, ze, abattre une bête. Ni muzibăge, (ces vaches). Ntăzōrinde kuyíbāga, tu ne devras pas la dépecer. || Kubâga umurwāyi, opérer un malade. || Fig. Kubâpa umuntu, faire souffrir gan. Ikímbāga kikănyicaa nékó nanúnurwa n'ābânje, ce qui me navre le plus, Cest que je suis exploité par mes proches. l| Iyumbăga năwe l, de grâce, je ten prie! Prov. 1600, 1878, 2177, 2179.",1
671,ibákulí,5|6,P21-C2,"ibákulí, ama-, 5|é6, (sw.), petit bassin, cuvette.",1
808,umubânyi,,P25-C1,"umubânyi, aba-, (cfr -bân-), voisin. | Mari, époux. Umubânyi wāwe wāōmenya kw árí ngăho ?, pourrais-tu dire si ton mari esi ici? Prov. 453, 3943, 3952.  imbânyi, 9jl0, (cfr -bân-), grossesse.. Syn. imbûngengwa, || Fæius. Syn. agasâmo.",1
811,urubănza,11|10,P25-C2,"urubănza, imēnza, 114)10, jugement. Procès. Palabre, Kubá mu rubănza, en procès, en palabre. Guc urubanza, trancher une palabre, juger une affaire. Urubănza rwā ngôndegônde, jugement inique, jugement payé. || Gucá imănza (fam.), se mêler dont on n'est pas responsable. || Affaire. Difficulté, Kugira urubănza, avoir des difficultés. Ikiríi háno r'urubănza, c'est toute une affaire, || Travail, préoccupation. Kubá mu rubănza, être fort occupé. ( Voyage. Kumara urubănza, partir en voyage, rendre visite au loin. || Ivyo biri purăndi rubănnza, cela a une autre destination. Ntā rubănza, i n'y a aucun appel possibile. Urubăanza rwó mu muryango, conseil de famille présidé par Samúragwá et qui tente ďd'applanir les différends. Au cas où les plaignants négligeraient de l'avertir, d’avoir recours à ses bons olfices, le chef de famulie, Samúragwá, avait le droit de réclamer, auprès du tribunal de colline, une sanction contre le demandeur. Lorsgu’il s'agissait de concilier les intérêts dee deux familles différentes, le demandeur pouvait s'adresser directement . au conseil de colline sans passer par le chef de famille. Urubăanza rwó ku mugina, (litt, la palabre qui (est tranchée) sur la termitière). L'arbitrage familial constituait une procédure officieuse de concilation., Le tribunal du tertre, lui, composé des notables représentant les différentes familhes habitant l'unité de base qu'était la colline, se réunissait à l'endroit oùt avait lieu la contestation. Si les deux parties étaient du même ressort, le tribunal de colline était qualifié pour juger. Les affaires dont pouvaient les juges du tertre, de la termitière, étaient les contestations mineures: affaires de famille, injures, querelles, coups et blessures, vols. de vivres, déprédationnns causées par le bétail dans les champs, dommages causés aux cases, dettes, remboursements, prêts, dépôts, etc. Urubănza rwó ku cârihó, procès tranché par le sous-chef, Le tribunal du sous-chef connaissait des affaires foncières, celles concernant le petit bétail. Les affaires sans gravité ne pouvaient pas dépasser le tribunai du sous-chef..Si un Tutsi de bonne famille avait une palabre — pour autant que la valeur du litige dépassât une chèvre — il s'adressait au tribunal du chef. Urubănza rwó kuri sêntáre, palabre, procès soumis à la juridiction du chef de province. On y tranchait les affaires importantes telles gue: homicides, vols de vaches, restitution de gages matrimoniaux, II fallait un intermédiaire Qui introduise l'affaire auprés du chef. Les frais étaient souvent plus élevés que la valeur de l'objet du Htige (vache par exXx.): on devait, comme frais de justice ingoróre, deux vaches, un taurillon et des cruches de bière. Etaient jugés par sêntáre: les sous-chefs, Ies Tutsi riches ou de très bonne famille. Urubănza rwó ku rurimbi, affaire soumise â la cour du roi Toutes les contestations pouvaient être portées devant le tribunal suprême. Le roi présidait le tribunal., Les courtisans servaient d'assesseurs. La compétence de ce tribunal s'étendait au Burundi tout entier. Les grandes familles, les gâánwa en particulier, 25 ne pouvaient être jugées que par le tribunal royal. Il arrivait bien souvent que le roi tranche sans faire comparafÎtre un inculpé de haut lignage si le demandeur lui était inférieur. Il lui faisait ensuite ses reproches en particulier. Il existait une procédure spéciale pour juger les princes de sang, gânwa, excepté lorsqu'il s'agissait de rébellion. Prov. 1367, 1628, 2149, 2370, 3336, 3340, 3384, 3787.",1
829,imbárabára,9|10,P26-C2,"imbárabára, 9j(0, garde-bæuf. Syn. ishwïima. Une légende populaire prétend que ces olseaux blancs sont des femmes de familles princières. Elles ont été métamorphosées pour avoir passé coutre à un interdit. Par curiosité, elles seralent restées à l'extérieur pendant une éclipse. Prov. 865, 2432.",1
830,ibarăfu,9i|10i,P26-C2,"ibarăfu, (sw.), 9ijli, eau glacée. || Par ext. Glace.",1
834,imbarágasa,9|10,P26-C2,"imbarágasa, 9l)l0, puce. || Chique (Pullex penetrans). v. -vûnjáâ «Imbarágasa yímiye ku-Nkiko ivyarira ku Mugămba ng’ ùyu mwâna Biraméntangâre, une puce accouplée au Nkiko (région frontalière) mit bas dans le Mugamba et s'écria: cet enfant je lappellerai « Ceciréussira-à-mon-grand-éionnement », Exclamation du malchanceux. Prov. 2684.",1
870,urubáriro,11|10,P27-C2,"urubáriro, im, 11|f0, branchages flexibles entrelacés espaçant les perches de la toiture dune hutte.",1
914,ibáiisímu,9|10,P28-C1,"ibáiisímu, 9j)0, baptême.",1
922,imbáturo,9|10,P28-C2,"imbáturo, 9jt0, (cfr -bâtur-), objet déplacé; (pop.), arrhes, gage.",1
967,imbāzo,9|10,P29-C2,"imbāzo, 9lji0, (cfr -bāz), herminette. Syn. akaryânkwí. M.R.A.C. 41.698, 41.700, 41.704.",1
968,akabázo,12|13,P29-C2,"akabázo, utu-, 12jfi3, (cfr -báz-) question. || Examen.",1
1002,urubega,11|10,P30-C1,"urubega, in, 11H10, pagne de cérémonie noué sur péplum. Syn. imigwêbēro, immyêndāro.",1
1032,ibénėti,5|6,P30-C2,"ibénėti, ama-, 5lé, cartouche. Syn. isâsu.",1
1092,kubérera,,P32-C1,"kubérera, -yce, mettre la levure dans une boisson que lon veut faire fermenter. 32 a",1
1144,urubėvya,11|10,P33-C2,"urubėvya, im-, 11|19, dévergondé, corrompu, dépravé, dissipé. Syn. inshirasóni, inkurúbindi.",1
1147,umubėya,11,P33-C2,"umubėya, v. -bèya f1.",1
1195,ikibigu,7|8,P35-C1,"ikibigu, ibi, 7(8, (cfr -bigur-), objet ébréché, entaille.",1
1245,urubingo,11|10,P36-C1,"urubingo, im-, 14)10, tige de roseau. || Lieu où poussent ies roseaux. 6, (-têmb- s'écouler, -bingo 11, lieu où poussent les roseaux «qui passe à travers les roseaux »), ceau vive, claire, lunpide, pure. Syn. amagógoryé.",1
1380,akabóko,,P39-C2,"akabóko, utu- petit bras; patte de devant. || Umuntu w'akabóko, qui fait main basse sur tout ce quwil trouve, kleptomane. Kabóko, la, surnom du manchot et aussi du voleur., Syn. umunyoni. || Manipule. Syn. akajákubóko, - ukubóko, ama-, 156, bras. Ukubóko kw'igcnyo, le bras gauche, à gauche. Ukubóko kw'ikirimbi, bras musclé, très gros. || Patte antérieure. || Kubêskhwáho n’amabóko, vivre du travail de ses mains. Kuryá amabóko yāwe, vivre de son travail || Gucá ukubóko umuntu, détrousser, dépouiller qqn. || Urupfú rwaramucîye ukubóko, la mort iui a enlevé son fils. || Gucibwa ukubóko, commettre un crime de lèse-majesté, i) Gukúbita ukubóko, agoniser, Syn. gusâmbagirika. |i- Mabóko regere, fainéant, || Kuvúna amabóko, essayer vainement, faire effort. || Gutá amabóko, cultiver sans récolter. Prov. 9i, 302306, 443, 1132, 2153, 2603, 2624, 3135, 3215, 3265, 3817, 3939.",1
1429,akābāboné,12BA|13BA,P41-C1,"akābāboné, utw-, 12BA|I3BA, (cfr -bón-), exiraordinaire, rare. || Lieu désert. Syn. agahïnga.",1
1493,imbûbūusi,9|10,P43-C1,"imbûbūusi, 9i10, (cfr -bûbut-), celui qui est courbé, qui se penche en marchant.",1
1530,ibūuku,5i,P44-C1,"ibūuku, ama-, 5l, (de Fangi. book), livret d'identité où l'on inscrit l'impôt de capitation. || Par ext. impôt.",1
1560,rubûndá,11a,P45-C1,"rubûndá, 1ta, (cfr -bûnd-), à la manière lun chiot. Kurâra rubûndá, passer la nuit à la belle étoile, n'avoir ni feu ni lieu. Syn. kurâraguza.",1
1569,ibundi,5|6,P45-C1,"ibundi, ama-, 5'6, (cfr -bûndik-), tas de terre, butte. Syn. ibùri. Gucáâ amabundi, butter,",1
1706,igihândàmbwá,,P49-C1,"igihândàmbwá, ibi-, (-hand- piquer, -bwá 9M0 chien), Crotalaria spinosa H., Blepharis buchneri LIND, Geranium aculeolatum OLyv, La cendre de cette plante est employée en aspersion sur les plaies et piqûres. Elle est aussi recommandée contre migraines, inflammations, asthme et bronchite.",1
1707,umuryâmbwá,1|2,P49-C1,"umuryâmbwá, aba-, I|2, (-ryá manger, -bwá 9 chien), individu qui jette le diseréddit sur toute sa famille. Prov. 2962.",1
1711,akabwá,,P49-C1,"akabwá, utu-, (cfr -bwá 9), petit chien, chiot. Prov, 3331.",1
1783,urucăca,11|10,P51-C2,"urucăca, in-, 1(|10, Cynodon dactylon (L.) PERS., Brachiaria sp. « Isāzi ifáshwe n'urucăca iti ar'îry'i bwămi ndāy'aha, la mouche accrochée par une mauvaise herbe s'exclame: comme cest la coutume chez le roi, je devrai faire antichambre ». Est dit devant une réponse dilatoire. Kuronderera urwânko ku rucăca, se haïr sans raison. — L'équivalent d'un demi-verre de la décoction d'une poignée de feuilles est bu matin et soir « pour ce qui sort du corps ».",1
1927,agacéreré,12|13,P54-C2,"agacéreré, udu-, 12(13, (-cér--), silence, calme, paix, recueillemeni. Syn. umutêkāno. Kuguma mu gacéreré, se tenir coi,",1
1943,ikidácīká,7|8,P55-C1,"ikidácīká, 1b1-, 7l8, (cfr -cîk-), (poét.), corde de larc, «celle qui ne peut pas se rompre ».",1
2028,icôngé,5|6,P57-C2,"icôngé, ama-, 5(6, (cfr -côngé 3), jone de marais. pn se sert des feuilles pour nettoyer les pots à lait.",1
2037,igicu,,P57-C2,"igicu, ibj-, nuage. Prov. 1177.",1
2087,agacukuzi,12|13,P59-C1,"agacukuzi, udu-, 12t13, (cfr -cukúru 5), sorte de putois, Kunūka agacukuzi, puer, sentir frès mauvais, i",1
2163,umucûûrano,1|2,P61-C1,"umucûûrano, 2ba-, 1|2, (cfr -cûr-), veuve remarice.",1
2226,inda,9|10,P63-C1,"inda, H10, ventre, abdomen. Ubukûnzi bw'inda, gourmandise. || Vagin du bétail. nda y'amèganga. Bashira umûúti mu-nda yamaganga, on met du remède dans le vagin, || Grossesse, Gutwâra inda, être enceinte. Kubâ ku-nda, être en travail, cprouver les douleurs de lVaccouchement. || Par ext, caractère. Inda mbí, rancunier, Kugira inda nzīzá, avoir bon caractère. Gutêra inda mbi, corrompre qan, retourner gan, changer ses sentinents favorables, en faire un ennemi. Kugira inda igumyé, constipé; (fig.) avoir un caractère fermé, réservé. Kugira yōróshe, ĉire franc, ouvert. Kubá inda nsa, ëtre simple, franc. Inda nyango, caractère franc, expansif. Inda ngàári, gourmand. Kugira inda ndende, étre gourmand. Fig. N'inda n'indēsho, je suis trop petit, je nose pas. Inda ntindi, gui perd tous ses enfants en bas âge. Kuja mu-nda, firer les vers du nez. Loc. cfr -bîka, -têra. Prov. 175, 239, 240, 320, 397, 524, 727, 805, 887, 1043, 1015-1042, 1044, 1050, 1054, 1067, 1138, 1153, 1257, 1278, 1343, 1391, 1549, 156lf, 1612, 1625, 1652, 1653, 1654, 1756, 1802, 1816, 1880, 1952, 1994, 2071, 2073, 2136, 2191, 2193, 2230, 2375, 2440, 2442, 2478, 2642, 2720, 2941, 3031, 3215, 3248, 3271, 3307, 3309, 3373, 3393, 3731, 3767, 3951.",1
2227,akómunda,12|13,P63-C1,"akómunda, 1218, (cfr -da 9), diarrhée. Syn. icîbwamwo. Uryá mwâna arwaye akómunda, cet enfant a la diarrhée.",1
2235,Nsumírinda,1a|2a,P63-C1,"Nsumírinda, Bānsúmirinda, lala, (-sumapprovisionner, -da 9 ventre) surnom de l'égoiste. Syn. Ndirikirikēsha.",1
2437,Mudcnde,1a|2a,P68-C1,"Mudcnde, Bāmúděcnde, lalža, (cfr -děënde 3), appellatift du septième enfant. Var. Kadénde, Rwasa.",1
2438,akaděnde,12|13,P68-C1,"akaděnde, utu, 1l2j13, (cfr -dênder-), grelot servant d'amulette au septième enfant. V. -dëngġe la, 3.",1
2504,kudīga,,P70-C1,"kudīga, -dīze, moduler. Kudīga imvyíno, chanter des rondes populaires. Dīga turābé, commence donc à chanter, vas-y !, raconte !",1
2617,kudúgarika,,P74-C1,"kudúgarika, -tse, (cfr -dúgar-), ennuyer, attrister. Mettre dans Pembarras. Syn. kugōōra. indugi, 9j410, (cfr -dúgarar-), haine. Syn. urwânko. Jalousie, Syn. ishâri. Tristesse. Syn. umwikomo.",1
2644,kudūma,,P74-C2,"kudūma, -mye, bourdonner. || Voltiger. Prov. 107.",1
2670,idûndu,5|6,P75-C1,"idûndu, ama-, 5!6, (cfr -dûndarar-), petit paravent, cloison qu) sépare l'emplacement où lon met les poules la nuit dans la hutte: poulalier. Syn. igituru. Var. idŭunduru, Idûndu ry'inkóko, le poulalier.",1
2730,akêbo,12|13,P77-C1,"akêbo, utwêbo, 12|i3, (cfr (bo 7), vannerie dans laquelle on dépose la pâte dont chacun prélève au cours du repas, des boulettes, des bouchées. Prov. 282-283, 1707. MRA.C. 41. 549, 41.557, 41.596, 41.622, 41 626-41 627, 41.629-41.630.",1
2820,umwembe,3|4,P79-C2,"umwembe, imy-, 3t4, (sw.), mangue.",1
2841,umwěnda,,P80-C1,"umwěnda, imy-, (rw.), habit, étoffe. Syn.",1
3115,mafubo,,P88-C1,"mafubo, bāmafubo-, tal2a, (cfr -fub-), (préf. 6), bienfaiteur.",1
3126,ifùku,9i|6,P88-C1,"ifùku, ama-, 9ijé, (cfr -fukur-), taupe: Chlorotalpa. stuhlmanni MAaTSCHIE. || Fig. Bout homme, nain, individu de petite taille, Prov. 230, 1589, 1774.",1
3131,ifúkunya,9|10,P88-C2,"ifúkunya, 9i)10, (cfr -fukuny-), gnome, petit homme, nain. Syn. ifundi, innko. l",1
3138,ifumba,9i|6,P88-C2,"ifumba, ama-, 9i)6, (cfr -fumba 3), cire que lon met sur ja partie supérieure d'une ventouse. i| Fiente d'abeille, || Mèche, brandon fumant, feu conservé dans",1
3161,ifmmdi,9i|6,P89-C1,"ifmmdi, ama-, 90r: et 6, sorte d'oiseau, rougegorge: senegala L. Fig. personne de petite taille. Prov. 649-651, 2060.",1
3181,imfênzofûûnzo,9|10,P89-C2,"imfênzofûûnzo, 9|f0, (cfr -fûnzo 9), marais où poussent des touffes de papyrus. Tiges de papyrus coupé dont on fait les nattes ibigára. -ze, (sw.) faver, lessiver. Syn. kumesūra.",1
3183,imfúra,9|10,P89-C2,"imfúra, 9)19, premier-né, adiné. Syn. ubuzibūra, Imfúra na sé birangana, le fils aîné a autant d'autorité que son père. Prov. 968-969.",1
3207,ifùūru,9i|6,P90-C1,"ifùūru, ama-, 9|ó, (fr.), four, fourneau. Four à briques. Syn. itánuré.",1
3228,ifúrwe,9i|6,P90-C2,"ifúrwe, ama-, 9i!6, (cfr -fúr-), (Poét.), malédiction, expression de haine. Prov. 653.",1
3230,ifúshi,9i|6,P90-C2,"ifúshi, ama-, 9if6, (cfr -fúshuk-), bouc. Syn. isuguru, ihébe. Impėne y'îÎfúshi, un bouc.",1
3265,imfyatange,9|10,P91-C1,"imfyatange, 9li0, (cfr -fyatang-), paresseux, fainéant; (cfr expression argotique en français « qan qui en écrase»). v. -kōko.",1
3412,ngabúrwa,9a|10a,P96-C2,"ngabúrwa, 94li0a, (cfr -gabur-), néol. dividende.",1
3433,urugágamá,11|10,P96-C2,"urugágamá, 11010, (cfr -gagam-), entanti gui a de Væœdème de carence, enfant débile, rachitique. Syn. uruzîngo, urugágará.",1
3449,akagâgazo,12|13,P97-C1,"akagâgazo, utu-, l2113, (cfr -gâgaz-), orgueil Syn. amanyáma. || Désobéissance, Syn. ubvgâmbarazi.",1
3550,urugănda,11|10,P99-C2,"urugănda, in-, 1lj10, (cfr -gandik-), forge, atelier du forgeron: carcasse de branches en arceau dont le sommet seul est recouvert d'herbes pour protéger du soleil et de la plwie, tout en laissant passer l'air. Ayo mabuye bakayajāana mu-ngănda iwăbo, et ils rapportent ces pierres chez eux dans leurs forges. || Habitation sommaire des Pygmoides, || Victimes d'un accident; tas de cadavres. Kwiha ingăànda, décimer, tuer, massacrer. Fig. Ishavu ryamaze ingănda, tout le monde est en colère. Prov. 7, 144, 1590.",1
3584,kugângāra,,P100-C2,"kugângāra, -ye, (cfr -gang-) se tenir ferme sur ses bases (comme une vache qui urine). j| Grogner (chien). || Par ext. Hurler, pleurer à grands cris, Prov. 1736.",1
3630,kugánwakaraa,,P102-C1,"kugánwakaraa, -ye, (ctr -gâánwa 1), être anobii Yivre à la manière des princes.",1
3711,ingaruka,9|6,P104-C1,"ingaruka, ama-, 9f6, (cfr -garuk-), retour. Syn. mtāhūka. Mu magaruka, au retour, à la rentrée.",1
3888,ingêngeterezi,9|10,P109-C1,"ingêngeterezi, 91G, (cfr -géngeterez-), douceur, bonté, aménité; tolérance. Syn. ubwîtonzi.",1
3901,umugenza,3|4,P109-C2,"umugenza, imi, 3lll4, (cfr -genz-), dos. Syr. umugôngo. || Tibia. Syn. umurúndi.",1
3909,mugenzabo,1a|2a,P110-C1,"mugenzabo, bagenzăbo, laæl2a, (cfr -genzi 1), leur ami, leurs amis; leur conjoint.",1
3921,urutangirabagenzi,14|10,P110-C1,"urutangirabagenzi, in-, 14110, (-tângīr- empêcher de partir, -genzi 2 amis), surnom de la libellule. Syn. umunigwe.",1
3929,ikinyamugera,7|8,P110-C2,"ikinyamugera, ibi-, 7(8, (cfe -gera 3), asticot; (vers de Cahors ?, filaire ?), larve qui s'introduit sous a peau de Phomme ou ge certains animaux. « Ikinyamugera bakirashe umwampi mu gahănga kiti uyu mumurīzo nakúranye, un asticot percé d'une flèche au front s'exclama : ceci m'est une queue avec laguelle f'ai grandi.» Il faut se résigner avec fatalisme devant les malheurs de l'existence.",1
3942,umugeragezo,3|4,P111-C1,"umugeragezo, imi, 3M4, (cfr -geragez-), essai, tentative. Syn, umugêngeterezo.",1
3955,bugerésere,1a,P111-C2,"bugerésere, Ia, (cfr -gerégere 9), comme une gazelle. Yiruka bugerégere, i bondit comme une gazelle.",1
3971,urugerero,9|10,P112-C1,"urugerero, in-, 9010, (cfr -gerer-), marché, place délimitée destinée au troc. Syn. urwămbu, akaguriro.",1
4019,ngezaho,9a|1a,P113-C2,"ngezaho, 9a|1a, (cfr -gez-), (néol.), point de SUSPEnsSİOn.",1
4097,magirírane,6a,P115-C2,"magirírane, 6q, (cfr -girirauit-) réciprocité, réciproquement, Syn. magirânire. Prov, 15.",1
4119,kugīshanya,,P116-C1,"kugīshanya, -nije, (cfr -gīsh-), faire passer lun pour lautre. Kugishanya imbu, travailler à tour de rôle, se relayer, Syn. gukûranwa. 116",1
4120,kugishisha,,P116-C2,"kugishisha, -shije, (cfr -gish-) transhumer, mener les vaches dans une contrée riche en pâturages, i| Fam. kugishīsha umugóre, avoir une femme replète. bien portante.",1
4215,igma,5|6,P119-C1,"igma, ama- 5j, tubercule, racine. ry'iteke, bulbe de colocase, || Fig. nabot, nain, de petite taille. Kurēha n'igòma, être court, de petite taille. Syn. Kugúfira.",1
4233,urugombeko,11|10,P119-C2,"urugombeko, in-, 11)20, (cfr -gambek-), remède magique contre les voleurs. || Kugenda nk'uwariye urugombeko, partir la queue entre les jambes, se retirer tête basse. — Au nord du pays, cette pratique se dìt urugombeko; au sud, ururembeko. Le devin asperge les cultures et y fiche des sachets contenant diverses poudres. Si un voleur avait l'audace de s'introduire dans les champs ainsi protégés, il y resterait pétrifié, ou, selon d'autres, il crèverait comme une bête, le ventre gonflé. Le propriétaire du champ luimême n'est pas protégé contre ce puissant épouvantail magique : il lui faut un antidote, procuré par le devin. Certains voleurs, d'ailleurs, peuvent piller impunément les cultures, grâce à ce même antidote. RobEGEM, Africa-Tervuren, XVI-1968-2. Prov. 3350.",1
4237,bigombo,9a|10a,P119-C2,"bigombo, zibigombo, 9lalla (préf. 8) (efr -gombo 7), pot en terre à trois ouvertures, à trois goulots (rumana) et parfois à deux anses employé dans les cérémonies rituelles du culte de Kiranga; ces pots n'étaient faits que sur commande.",1
4285,igonânwe,5|6,P120-C2,"igonânwe, ama-, 5jó, (cfr -gonānw-), scepticisme, inceréduliié.",1
4494,urugúha,11|10,P127-C2,"urugúha, in-, 11J10 ou ingúha 9l10, tique de vache, parasite du bétail,",1
4675,gushika,,P131-C2,"gushika, v. -shika. 131",1
4730,umukururàngwes,3RU|4RU,P133-C1,"umukururàngwes, imi, 3KUJSL4KU, (-rur- être amer, -gwe 9j10 léopard), espèce de liane de forêt, sans spécification.",1
4998,ihănga,9i|6,P142-C1,"ihănga, ama-, 55, 9il6, pays lointain, pays étranger. Kwômokera mu mahănga, s'exiler. Kwîrukanirwa mu mahănga, être forcé de s'expatrier. Prov. 1609, 1929, 2427.",1
5153,akăruhariwe,12RU|13RU,P146-C1,"akăruhariwe, utw-, 12RUJI3RU, (cfr -hárirw-), sans égal, incomparable. Mbona urí akăruhariwe mu gutêka!, je vois que tu es un cuisinier hors de pair. Umuhïinga w'akăruhariwe, un artiste de premier plan.",1
5238,igihe,7|8,P148-C2,"igihe, ibi, 7(8, moment, temps, instant. Syn. ikivi, amango, ubugingo. Aza gihe kí? quand est-ce qwil arrive? Ni gihe kí? quelle heure est-il? Igihe bariko barakóra, lorsqu'ils travaillaient. Ico gihe cītwá icí, cette période s'appelle la saison sèche. Mur’'îkí gihe, à ce moment là. Mur’îco gihe, pendant cette période, Amêzi atangána n'ây'igihe c'îzûba, elle ne dure pas autant de mois que la saison sèche. Mu bihe imvúra igwá, pendant lépoque des pluies.",1
5289,nyamihēëhe,9a|10,P149-C2,"nyamihēëhe, zānyamihēhe, 9ali0, hyène. Syn. imfyisi.",1
5329,Rwamahéke,11MA,P150-C2,"Rwamahéke, 11MA, (cfr -hékeny-), (poét.), nom du léporide (lièvre, lapin) dans les contes dont il est je héros rusé et débrouillard. On attribue son intelligence au fait qu’il parvient à semer ses adversaires en fuyant en zigzag. Syn. urukwâvu.",1
5366,sâruhëmbe,9a|10a,P152-C1,"sâruhëmbe, 9alla, (poét.), (sé la compère, -hěmbe 11 grande corne), maître cornu. Surnom poétique du bouc.",1
5464,Nyamíhène,9a|10a,P154-C1,"Nyamíhène, 9a|ia, (poét.), hyène. « Nyamíhėne ihûûûye n’abantu bati K'ucumbágira ní kukí ? Nacó kiti n’īsóni zā cāne. Nahó cākwega umupfú, pourquoi donc boites-tu? demandent des gens en croisant une hyène. C'est par excès de pudeur, dit-elle. Or elle était en train de traîner un cadavre.» Même pris en flagrant délit, le coupable se cherche encore des excuses.",1
5466,igisómàmpėne,7|8,P154-C1,"igisómàmpėne, ibi- 7|8, (-som- baiser, -hène 9 chèvre), bouc. Syn. ihúshi.",1
5496,guhenyeka,,P155-C1,"guhenyeka, -tse, (-heny--), (pop.), sen aller. Syn. kugenda, kwijūra.",1
5670,ikimpigínya,7N,P160-C1,"ikimpigínya, 7N, (cfr -híginya 9), doute, soupçon. Gutêra kimpigínya, faire douter; provoquer la jalousie. Faire une enquête sur les qualités de la future épouse.",1
5820,uruhinja,11|10,P164-C1,"uruhinja, impînja, 11119, enfançon, poupon vers le quatrième mois. Prov.",1
5827,akāmuhinya,12MU,P164-C1,"akāmuhinya, 12MU, (cfr -híny-), rictus, rire ironigue, ricanement.",1
5897,mpishi,9a|10a,P165-C2,"mpishi, 9a|lg0a, (efr -hibīr-) sans augment, sans compl, dans kugwa mpishi, avoir une indigestion, souffrir d'indigestion. Syn. guhihirwa.",1
5992,umuhōho,3|4,P168-C1,"umuhōho, imi-, arc. Syn. umuheto. || Par ext. Arme. Kurâra kubiri nwumuhōho, se coucher sans armes. Kwambambira imihōho, avotr recours aux armes, faire la guerre. Gutânga imibhoho, rendre les armes.",1
6007,ubuhoma,14|10,P168-C2,"ubuhoma, impoma, 1410, (cfr -hóm-), serpent : Leucaphidion capense.",1
6103,igihôngwahôngwa,7|8,P171-C1,"igihôngwahôngwa, ibi-, 7J8, (cfr -hôngw-), mais ou sorgho rongé par le mpôngwá.",1
6480,amahğre,6,P181-C1,"amahğre, 6, (cfr -hûrir-), carrefour. Syn. amayirâbiri. Amahŭre y'inzira, la croisée des chemins. -húr- agir avec vivacité -hhúra 7, 9, 14 -hurur-húr o 37 -hururir- -hurukw-nyáhuro 1 -huruz- -hurúru 1, -húru 7 -huruzi 1 RY",1
6501,igihurūduka,7|8,P181-C2,"igihurūduka, impurūduka, 710, (cfr -hurūduk-), irréfléchi, impulsif. .",1
6559,urumpuzenge,11N,P183-C2,"urumpuzenge, 11N, (cfr -húzeng-), entrelacement, enchevêtrement. Syn. urusóbagirané. Rwari urumpuzenge, urusóbagirané rw'imirongo myīzá, c'était un entrelacement de lignes décoratives.",1
6646,impwěrwa,9|10,P186-C1,"impwěrwa, 9j1i0, (cfr -hwêrw-), vache dont le veau est sevré. Syn. umusunga.",1
6679,ikimpwìri,7NJ|8N,P186-C2,"ikimpwìri, ibi-, 7NJ|8N, (cfr -hwirīm-), chœur. Ikimpwìri camajwí, chæur à plusieurs voix.",1
6906,inshirukabwira,9|10,P193-C1,"inshirukabwira, 9(10, (-shíruk- mettre le maximum, -ira 14 zèle), courageux, travailleur, dévoué. Syn. umunyamwěte.,",1
7158,kujingana,,P201-C2,"kujingana, -nye, (-jing--), se battre, lutter à force égale. Var. kujinjana. 201",1
7175,ijipo,9a|10,P202-C1,"ijipo, ama-, 9all6, (fr.), jupon, jupe. Ijipo ya mwoto, un beau jupon.",1
7285,urujuru,11|14,P205-C2,"urujuru, ubu-, 1114, perle oblongue.",1
7290,nyabwïjute,9a|10a,P206-C1,"nyabwïjute, zānyábwïjute, 9lall0a, (cfr -iïjute 14), insecte à gros abdomen. Var. ikinyábwïjute. Nyabwïjute iri mu bwătsi, cet insecte est dans lherbe. Fig. la, individu gros et court; picnyque. — Cet insecte étant présage de bonheur, son nom est donné aux enfants comme appellatif.",1
7361,umukâká,3|4,P208-C2,"umukâká, imi-, 3j44, Kotschya strobilantha (WELW. ex BAK.) DEwIT  DUVIGN., Monopsis stellarioides PRESL. — La racine passe pour avoir des propriétés aphrodisiaques. Les femmes lutilisent également en cas de dysménorrhée.",1
7371,ikāki,9i,P208-C2,"ikāki, 9ż, (fr.), kaki. Impûzu y'ikāki, une étoffe de couleur kaki.",1
7535,igikano,,P213-C2,"igikano, ibi- (cfr -kanūk-), nerf de bæuf gui sert à fixer le glaive intâmbi. M.RA.C, 41711.",1
7580,agakara,12|14,P214-C2,"agakara, ubu-, 12|14, (cfr -kara 3), belette. Prov. 2221-2222.",1
7596,ikárămu,9i|6,P215-C1,"ikárămu, ama-, 9ill6, (sw.), crayon.",1
7597,gukaramuka,,P215-C1,"gukaramuka, -tse, (-karam--), avoir les yeux ouverts. Par ext. être intelligent. Syn. gukérebuka.",1
7598,gukáranga,,P215-C1,"gukáranga, -nze, (-kár--), rôtir, faire frire. || Gukáranga umuntu, empoisonner qqn. Prov. 131.",1
7611,urukáratăsi,11|10,P215-C2,"urukáratăsi, in-, 11ji0, (ar. qartas), papier. Urukáratăsi rwerá, du papier blanc. Uruhănde rwurukáratăsi, un feuillet, une page. Syn. urupapuro.",1
7614,ikaravăti,9i|6,P215-C2,"ikaravăti, ama-, 9ijl6, (fr.) cravate. Umusóre yâpfunze ikaravăti irí ku gashăti kēzá kēzá, (ironique), lorsawun jeune homme a noué sa cravate sur une très belle chemise.",1
7660,igikatikati,7|8,P216-C2,"igikatikati, ibi-, 7(8, tjs en C, loc. ikirago c’'igikatikati, une natte faite d'écorces de bananiers, Syn. ikirabirabi.",1
7754,agasâmbabákěcuru,12|13,P219-C1,"agasâmbabákěcuru, udu;-, 12J13, (-sâmb- essayer, se débattre, -kěcuru 2), petit insecte noir.",1
7951,ikěte,"5, 9i|6",P223-C2,"ikěte, ama-, 5, 9iló, lettre. Epître. Var. ïkcti. Syn. ibáruwá (sw.).",1
7978,urukígo,11KI,P224-C2,"urukígo, 11KI, (à rapprocher de -gó 7, 11?), en forme de grand cercle, formant enceinte. Batōra agasózi kumukenke murēmure, mwizá, utăturiwe kîburé agasózi kēzá, aho ního būbáka impwěcza z'înyána, bakazûūbaka urukígo, hagâáti hagasigara intangāro zikuzé, on choisit une colline où l'herbe est longue et bonne et qui n’a pas été touchée par les feux de brousse, ou encore une pâture où herbe est plus fine; c'est là quwon édifie les cases servant d'étables aux veaux; on construit celles-ci en cercle et, au milieu, on laisse un vaste espace réservé au bétail adulte.",1
7993,urukîko,11,P225-C1,"urukîko, 1t, (cfr -kîkūr-), jugement. Syn. urubănza, Néol. Urukîko, Chambre des représentants. Urukîko rw’împérūká, jugement dernier. Urukîko rw'Abēpiskópi, concile.",1
8167,nkurìnkôbwa,9a|10a,P230-C2,"nkurìnkôbwa, 9al10a, (n-kúr- je grandis, i- chez, -kôbw- recevoir les gages matrimoniaux), enfant confié à la garde des grands-parents maternels et qui héritera d'eux. Si le grand-père maternel meurt sans avoir pris ses dispositions, son petit-fils a le droit de réclamer auprès de samuragwa, son oncle maternel. C’est également le frère de la mère qui, bon gré, mal gré, prend en charge les enfants de sa sœur au cas où celle-ci na pas fait dun gukôbwa coutumier. C’est lui seul qui sera habilité à régler les transactions de mariage au sujet de ses nièces v. -kôsha. Leur père n'aura son mot à dire que s’il a régulièrement fourni une sorte de pension alimentaire: bière, vivres, étoffes, plus éventuellement, une vache destinée à fournir du lait à ses enfants. Cette vache n’est pas considérée comme inkwâno q.v. Elle est restituée lorsque les enfants quittent la famille de leur mère., A la mort du géniteur, les enfants nkurìinkôbwa sont emmenés le jour de la levée du deuil par la familile maternelle.",1
8186,gukōkera,,P231-C2,"gukōkera, -ye, attacher des grelots aux colliers des chiens. || Trotter. i",1
8278,igikómezo,,P233-C2,"igikómezo, ibi (cfr -kómez-) feu de veille des vachers. Syn. igicâniro. — Le soir, vers cing ou six heures, dès que le troupeau revient du pâturage, le chef des bouviers donnait Pordre d'allumer le feu, Les vaches, habituées, se groupent dans la fumée qui éloigne d'elles les insectes. On entretient ce feu la nuit et les vachers installés pour leur veille ne parlent qwòà voix basse afin de ne pas réveiller le bétail. C’est sous le foyer destiné au bétail qu'était enterré le chef de famile.",1
8907,igikwàbari,7|8,P252-C1,"igikwàbari, ibi, 788, (à rapprocher de -kwàbaz-), peau brute, non tannée servant",1
9052,iliturjiyá,9i,P256-C2,"iliturjiyá, 94, (fr.), liturgie.",1
9170,ikimăramāre,7|8,P260-C1,"ikimăramāre, ibi-, 78, (cfr -mâramār-), navré, honteux.  ubumăramāre, 14, (cfr -mâramār-), consternation.",1
9479,ikimúga,7|8,P268-C2,"ikimúga, ibi-, 7(8, (cfr -múgar-), infirme; invalide; perclus; paralytique; impotent; estropié; boiteux; cul-de-jatte. Débile. || Objet cassé, fêlé, hors d'usage. Ibimúga, n’'inkóno zipfūyé, les cruches fêlées sont dites invalides. Prov. 775-778.",1
9732,umunánuké,1|2,P276-C1,"umunánuké, aba-, 1(2, (cfr -nanuk-), un affamé. Syn. umushonji.",1
9897,urunigi,11|10,P281-C1,"urunigi, inigi, 114190, (cfr -nigiriz-), collier de perles. Syn. urudėde. M.R.A.C. 41.938.",1
9963,runíni,11a,P283-C1,"runíni, 1fla, (cfr -níni), sans augment, sans compil., en loc. kwîfata runíni, être distant, compassé, dédaigneux. V. -níniriza.",1
9975,igikininti,7KI|8KI,P283-C1,"igikininti, ibi-, 7KI|8KI, (cfr -nîntur-), étêté.",1
10175,akanūbwe,12|13,P287-C2,"akanūbwe, utu- 12(13 ou ikinūbwe, ibi-, 7(8, (-nūb--), gêne. Malaise. Kuva ahó ntangúriye kubóna mitende ntâ kanūbwe mfisé, depuis que je suis convalescent, je wai plus jamais ressenti de malaise. || Froideur, air maussade.",1
10303,inyâga,9|10,P291-C2,"inyâga, 9lj10, (cfr -nyag-), oryctérope, vulg. fourmilier africain: Orycteropus afer PALLAS.",1
10426,ubunyégamo,14N,P295-C2,"ubunyégamo, 14N, (cfr -égamo 9), nattes ornées de brins de diverses couleurs et appliquées contre les cloisons. Elles sont faites en Miscantidium -gúhu 11.",1
10508,kunyíginyura,,P297-C2,"kunyíginyura, -ye, (à rapprocher de -nyíganz-), ébranler; tenter de forcer une porte, la. secouer. l| Arracher difficilement une dent.",1
10646,umunyota,,P301-C1,"umunyota, imi- cendre. Barabéza kăndi bakamījīra umunyota hanzé, on répand alors de la cendre au dehors. Mùngu avundurura Rwimbinănka mu munyota, Dieu sauva R. de sa misérable situation. Gucîka umunyota, être réduit en cendres. Néol. Umăsi w’iminyota, te jour des Cendres. Prov. 847, 1575, 3484, 3831, 3950.",1
10915,urwônōrí,11|10,P311-C1,"urwônōrí, inz-, 11()10, (à rapprocher de -ôn-), charançon. Ntibabirekéra hāsí kukó batīnyá urwonōrí, ils ne les laissent pas à terre parce qu'ils craignent les charançons.",1
10930,nyabwôro,12a|14a,P311-C2,"nyabwôro, bwanyábworo, 12al|i4a, (cfr -ôro 14), (poét.), tourterelle, colombe. Syn. akanúma. Nyabwôro karikó kararyá imbúto, la tourterelle est en train de manger les semences.",1
10962,nyakôtsi,9a|10a,P313-C1,"nyakôtsi, zānyákótsi, 9lal|l0a, (cfr -ôtsi 3), comète. Har'izûba, barūkwêzi, hari nyakôtsi, il y a le soleil, la lune et la comète. Iyo nyakôtsi yó yar'înkí ?, et cette comète, à quelle catégorie appartenait-elle ?",1
11061,-pfâsóni,"1, 11, 14",P317-C1,"-pfâsóni, 1, 11, 14. v. -sóni.",1
11277,ubukarábe,14KA,P326-C1,"ubukarábe, 14KA, (cfr -ráb-) mouchetures, mycoses, marbrures, taches rouge-blanc sur le corps humain.",1
11646,uburâro,14|6,P340-C2,"uburâro, ama-, 14)6, (cfr -râr-), logement. Syn. uburyâmo. Campement. Ensemble des huttes construites par les bergers pour s'abriter pendant la transhumance.",1
11701,inziràndāvyi,9|10,P342-C2,"inziràndāvyi, 9ll0, (-zir- interdire, -rāvyi  Dieu), néol., laique, neutre, athée. Amashūle y'inziràndāvyi, les écoles laïques. Syn. inzíramâna.",1
12039,burikōko,9a,P356-C2,"burikōko, ou sêburikōko, 99a (préf. bu-), touraco géant: Corythacola cristata VIEILLOT.",1
12185,ururírimbo,11|10,P363-C1,"ururírimbo, indírimbo, 11l10 ou 910, (cfr rírimb-), chant, chanson; cantique; hymne. IIndírimbo y'umuhákuzi, la mélopée de lapiculteur. Indírimbo z'ûrwêze, les cantilènes. Indirimbo zuguhaya Uburùndi, les hymnes en rhonneur du Burundi. Gutêra indírimbo, entonner un chant.",1
12271,ururogōzo,11|10,P365-C2,"ururogōzo, indogōzo, 1110 ou 9l|10, (cfr -rogōz-), terme noble, calebasse dans laquelle on boit. Syn. urubaya, urumāri. Par ext. bière prélevée dans une cruche qui vient d’être offerte en cadeau et dont le donateur est prié de prouver linnocuité en buvant le premier.",1
12554,inárume,1a|2a,P375-C1,"inárume, bānárume ou bāyínarúme, laj2a, le frère de sa mère. Nkahava ntâha nk'uwiriwe kuragirira nárume, finalement, j'aurai travaillé pour le roi de Prusse. V. parenté, p. 618.",1
12759,ryama,5a|9a,P382-C1,"ryama, 5a, 9a, (cfr -ryâm-), peste bovine. Var. ndyama. Epizootie. Syn. rujoromba. Ryama yatêye, la peste sévissait. — Pour la chronologie v. -randa 12. Liste de quelques événements mémorables qui servaient de points de repère : ubwîrakábiri, éclipse de soleil: 1880; ryama, peste bovine: 1890; Abadăgi, entrée des Allemands au Burundi: 1895; Mort de Mwêzi: 1908; Rusokoza yatêwe, révolte de Rusokoza: 1908; mort de (grand-père de Muhîrwa): 1903; mort de Mutâga: 1915; Ababiligi, arrivée des Belges: 1916; Intōtera, Ubuhăhāte, invasion de criquets: 1919; Rujoromba, épizootie: 1920; Mort de Mênyo: 1921; Mu mapfá, pendant la famine: 1944.",1
12798,ndimiràndyé,1a|2a,P383-C1,"ndimiràndyé, bāndimiràndyé, Íai2a, (n-rim-ircultive pour moi, n-rí-é moi je mangerai), profiteur, paresseux qui se laisse entretenir et trouve tout normal de donner ses ordres sans prendre sa part de travail,",1
12899,umugisābo,3KI|4KI,P387-C1,"umugisābo, imi-, 3KIJ4KI, (cfr -sābo 7), amulette attachée au col de la baratte pour avoir beaucoup de beurre.",1
12900,akanyabusābo,12|13,P387-C1,"akanyabusābo, utu-, 12:13, plante non déterminée. Var. akanyamusābo.",1
13109,agasando,,P394-C2,"agasando, udu-, bident, binette, serfouette.",1
13112,isanduruma,9i|10i,P394-C2,"isanduruma, 9i|i0i, (corruption du mot français rassemblement), mouvement de foule, foule houleuse. Isanduruma iratêye, attention, il y a du grabuge! || Ameublement.",1
13271,rusāsumaa,11a,P400-C1,"rusāsumaa, fla, (cfr -sāsum-), (fr.), recensement, dénombrement.",1
13287,masâte,6a,P400-C2,"masâte, 6a, culotte courte, short. Syn. impăre.",1
13319,gusáyangana,,P401-C2,"gusáyangana, -nye, (-sáy--), briller; lancer des rayons; être éclatant, étinceler, resplendir; miroiter; reluire. Var. gukáyangana.",1
13488,isemo,9i|10,P407-C1,"isemo, 9i|l0, (cfr -sémur-), encoche, coup laissé par un outil..Var. isemu. Syn. ibango. Isemo yîsúka, un coup de pioche. Prov. 726, 1738.",1
13865,igisheshera,7|8,P418-C1,"igisheshera, ibi- 7(8, syphillis. Syn. ikijabura.",1
13871,urushí,"11|6,10",P418-C1,"urushí, ama-, in-, 116 ou 10, paume de la main. |l Plein la main, poignée. Gutéga amashí, tendre les deux mains, quêter. Kubâ ku mashi, être très peu nombreux. Turi ku mashí, nous sommes une poignée. Gukúbita amashí ku yăndi, frapper des mains (pour marquer sa surprise). Yasanze inká zâmwôneye imirima akubita amashí ku yăndi aragenda ntáco yasubíye kuvúga, comme il venait visiter ses champs, il les a trouvés dévastés par les vaches; effaré il s'en est allé sans dire mot. Gutá urushi ku munwa, manifester sa déconvenue. Gukómera amashí uwŭndi, demander une faveur. Demander pardon. Remercier. Imâna yāmukúbise il est guéri. || Soufflet, gifle. Yamukubise urushi mu bitúgu, il lui a donné une tape dans le dos. || Urusbí rwukubóko, le haut de lomoplate. Hagáti yinshí z'ibitúgu, entre les omoplates. Loc. cfr -kóma. Prov. 358, 621, 848, 1108, 2598. Umushi, Aba-, 1|2, habitant du Bushi.  418",1
13946,mushíkănyu,1a|2a,P421-C1,"mushíkănyu, bashíkibănyu, lal|2a, (cfr -shiki la), la sæur aînée d'individus de sexe masculin. La cousine parallèle., V. parenté, p. 621.",1
13947,mushíkāwe,1a|2a,P421-C1,"mushíkāwe, bashíkāwe, llal2a, (cfr -shíki 1a), SŒÆUr d'un individu de sexe masculin. Nkubaríre jyó bashíkāwe băroye?, dois-je te dire où sont tes sæurs ? V. parenté, p. 619, 621.",1
13954,gashíkike,12a,P421-C1,"gashíkike, 124, (cfr -shíki 1a), sa sœur cadette, puinée (avec une nuance affectueuse) : sa sæœurette.",1
14370,ishusho,9i|10i,P434-C1,"ishusho, 9i)10i, (cfr -shush-), dessin, image, figure, portrait. Var. cl. 5. Ishusho y'umuntu, la reproduction photographique d'un individu.",1
14440,igishwigiri,7|8,P435-C2,"igishwigiri, ibi-, 718, touffe d'herbe. Ibishwigiri vyimishatsi, une chevelure hirsute. Syn. ibishwirima. Prov. 3417. ama-, 9|l6, pique-bæuf : pique-bbæuf à bec rouge. Buphagus africanus LINNÉ.",1
14599,isíimbi,9i|6,P440-C2,"isíimbi, ama-, 9ijló, (cfr -simbi 11), cauris, coquille du gastéropode Cypræa pantherina.",1
14611,inabisimbo,1a|2a,P441-C1,"inabisimbo, 1lal2a, (cfr -simbo 7|8), fenme. Syn. v. umugòóre.",1
14647,umusinyi,3|4,P442-C1,"umusinyi, imi-, 3|44, Dombeya rotundifolia PLANCH.",1
14665,isipiri,9i|6,P442-C2,"isipiri, ama-, 9i|l6, pic, pioche. V. ipiki.",1
14886,smo,9a|2a,P447-C2,"smo, bāsómo, 9lal2a, un homonyme. Ni sòmo yanje, c'est mon homonyme, nous portons le même nom. Syn. Ni mazina yanje.",1
15259,isùsa,,P458-C1,"isùsa, ama-, pignon.",1
15342,igisyâré,7|8,P459-C2,"igisyâré, ibi, 7(8, Dioscorea dumetorum (KuNTH.) Pax. Syn. ikinyarubabi.",1
15472,tagatifu,,P463-C2,"-tagatifu, substantif multiclasse emprunté au 463 sw., saint, sacré. Var. -tāgatifu. Mu gitabu gitāgatifu, dans la sainte Ecriture. Ubutatu butagatifu, la sainte Trinité. Imisa ntagatifu, la sainte messe. Indwi ntagatifu, la semaine sainte.",1
15730,itănga,5|6,P472-C1,"itănga, ama- 35j6, (sw.), charpente (ď'une construction).",1
15873,rutáre,,P476-C1,"rutáre, la (préf. ru), (cfr -táre 11, 14), surnom dun individu solide. 476",1
15901,urutaro,,P477-C1,"urutaro, in-, (cfr -táruk-), van, crible. Syn. urugósōzo. Intaro bazikorēsha mu kugósōra nó mu gusora, on se sert des vans pour vanner et pour trier le grain. Urutaro rw’ïmisùri, vyan fait de Smilax kraussiana MEISN. et dont se sert le devin pour pratiquer ses consultations : il y jette les graines de courges et déduit de leurs positions le sort de son consultant. Kurimira ku rutaro, travailler en vain. Prov. 353, 521, 785, 1954, 1987, 2270.",1
16235,inyamuntenge,9|10,P487-C1,"inyamuntenge, 9|(10, oiseau non identifié; ses plumes seraient employées comme aphrodisiaque.",1
16711,rutaramatongo,7a|8a,P501-C2,"rutaramatongo, 7al|8a, (-tar- présager, -tongo ó lieu délaissé), surnom du hibou dont le hululement est présage de mort.",1
16732,itonwări,9i|6,P502-C1,"itonwări, 9il6, (fr.), entonnoir. Syn. umubírikirá.",1
17259,gututura,,P517-C2,"gututura, -ye, (cfr -tūta 9, 14), frapper. Yāmutūtuye igipfûnsi, il lui a donné un coup de poing.",1
17345,igitwengo,7|8,P520-C2,"igitwengo, ibi-, 7i|8, (cfr -tweng-), rire, moquerie, raillerie, plaisanterie. Syn. igiseko. Bó baburá iyó bacūurá ntibábure igitwengo, eux n'ont pas de bétail mais cela ne les empêche pas d'être heureux l",1
17361,ugutwí,15|6,P521-C1,"ugutwí, ama-, 15j6, oreille. Ugutwí kw’'înká, roreille d'une vache. Amatwíi marēmare, de longues oreilles. Ouïe. Amatwí arebáye, oreilles pendantes (chien). Amuhora mu gutwí imisi yōse, sans cesse, il lui suggère. Gucá amatwí umwâna, punir un enfant. Gucá inyuma y'amatwí, entrer par une oreille et sortir par lautre. Gucâ mu matwí, écouter attentivement. Gutá iryó mu gutwí, frapper, gifler. Gutéga amatwí, écouter, prêter Kubanga amatwí, écouter attentivement. Kuména amatwí, parler très fort, crier. Kwîca amatwí, feindre de ne pas entendre, refuser de répondre à un appel, refuser une demande. Kuziba amatwí, abasourdir. KKugira amatwí nk'ây’'înyábuhóro, avoir de courtes oreilles. Munwa wonká ugutwí, rapporteur. Prov. 180, 310, 328, 343, 420, 864, 1031, 1400, 1479, 1957, 2007, 2509, 3383, 3905.",1
17490,icūguruzo,7|8,P526-C2,"icūguruzo, ivyuguruzo, 7l|8, (cfr -uguruz-), néol., clef.",1
17597,inkûmwá,9KA,P529-C2,"inkûmwá, (cfr -îmwá 3), 9KA, dans lexpression kurâra inkûmwá, passer une nuit blanche dans à cause des soucis, avoir la gorge sèche sans pouvoir se rafraîchir de la nuit.",1
17979,urwâvumbá,11|10,P541-C1,"urwâvumbá, ivy-, 1118, (cfr -vumba 11), escarbille, cendres qui se lèvent au-dessus d'un feu. Prov. 7.",1
18350,umuyabaga,"1|2, 4",P555-C1,"umuyabaga, abayabaga, ou imi-, 1|2, 4, tjs en C, adolescente. Umukbwa wumuyabaga, jeune fille environ 12 à 18 ans. Syn. inkùmi. Abakěbwa b'imiyabaga, des jeunes filles formées. V. -nyabaga 10.",1
18364,inkúbamuyaga,,P555-C1,"inkúbamuyaga, (-kùba 9 foudre, -yaga 3 souffle), nerveux, vif, rapide. Syn. inkubákuba.",1
18409,uruyanza,11|10,P556-C2,"uruyanza, inyanza, 14110, fleuve.",1
18467,ikiyênzěri,7|8,P558-C1,"ikiyênzěri, ibi- 708, (cfr -yênzēr-), flâneur. Vagabond, errant, qui wa pas de domicile fixe. Syn. icangāzi, umuyérerezi.",1
18534,kwîyo,,P559-C2,"kwîyo--, v. aussi -0--.",1
18840,Inánzerére,1a,P570-C2,"Inánzerére, la, (cfr -zérēr-), rôdeuse. || Inánzerére, 10a, îles flottantes.",1
18879,intâmayûrûzi,,P572-C1,"intâmayûrûzi, (-tāma 9j10 mouton, -yà de, -zi 11 rivière), pélican.",1
18939,inzígamarúgo,,P574-C1,"inzígamarúgo, V. -go.",1
19036,kitazimângana,7a|8a,P576-C2,"kitazimângana, bi-, 7al8a, (cfr -zímangan-), sans augment, sans compl., ineffaçable, indélébile.",1
19043,izimāno,5,P576-C2,"izimāno, 5, ou inzimāno, 9!10, (cfr -zimānn-), ce que lon offre à un hôte, festin, banquet. Umutwăre arazizimāna innnzimāno z'îndyá n'inzóga, le sous-chef fournit aux (tambours) de quoi boire et manger. Prov. 3001.",1
19074,ukuzimu,"1,517",P577-C2,"ukuzimu, 15, 17, (cfr -zimu 3), schéol, des morts : sous terre, intérieur de la terre, dans les profondeurs du sol. Ikijumpu căgorewe mu kuzimu, une patate qui est restée longtemps dans le sol. Par ext. monstre, être étrange. Uryá muntu n'ukuzimu, cet homme est un monstre de méchanceté. Mbě, wā kuzimu ushāka ikí?, e4 bien, que veux-tu donc, affreux hirsute? Expr. Gucîra imizi ukuzimu, souhaiter le malheur à qqn. Prov. 89, 230, 257, 1777, 2631, 2674.",1
19294,umùûzo,3|4,P584-C2,"umùûzo, imizo, 3!14, Vepris orophila G. GILB.",1
19305,izosi,5|6,P585-C1,"izosi, ama-, 56, col, cou. || Goulot. Loc. cfr -kégyagura, -vúna. Prov. 711, 1123, 2047, 2458, 3215, 3220.",1